x,y,R_c,V_target
0.561952,0.0301217,189.71598239294863,0.0
1.0877,0.00493987,436967.731952524,0.0485365562814917
1.61346,-0.0202419,544969.6083612429,3.153983480276451
2.13921,-0.0454237,2773647.9618768296,4.511249689259455
2.66496,-0.0706056,2773647.9619613523,5.57666425705792
3.19071,-0.0957874,408520.3340413123,6.350818096907783
3.71647,-0.120969,41.64485446128295,7.124295261434815
4.84669,-0.197693,2.9407468922200388e+16,7.800467948591914
5.97691,-0.274417,8.822240676660128e+16,9.150850258834629
7.10713,-0.351141,1286237.3866744633,10.209795202667523
8.23735,-0.427866,766151.9941273222,11.26668916006296
9.36758,-0.50459,1894779.0701789705,11.26668916006296
10.4978,-0.581314,32.39256064764984,11.26668916006296
11.0456,-0.604242,71865.65647609293,11.26668916006296
11.5933,-0.62717,71865.6564746034,11.26668916006296
12.1411,-0.650098,300873.75942843675,11.26668916006296
12.6889,-0.673027,94420.71859956012,11.26668916006296
13.2366,-0.695955,71865.65647653215,11.719225557265222
13.7844,-0.718883,14.509087298117487,11.119198331876866
14.3591,-0.720681,14.509087298117487,11.102666602434129
14.9338,-0.72248,330284.9419073647,11.102666602434129
15.5085,-0.724278,330284.94190650864,11.150668690257834
16.0832,-0.726077,330284.94191975595,11.630455151476394
16.6579,-0.727875,330284.941968455,12.013938435190694
17.2326,-0.729674,39.78231523251039,12.49284386075901
17.9803,-0.719586,237993.69901209255,12.971232690731384
18.7279,-0.709497,237993.6989996151,13.449085652393803
19.4756,-0.699409,414389.2952139132,14.02177485448017
20.2232,-0.689321,414389.2951113744,14.498381503892055
20.9709,-0.679233,237993.6989837973,14.97439121826146
21.7185,-0.669144,27.42183155444615,15.44978511439792
22.1187,-0.67212,45.38002724826726,15.924544409483545
22.933,-0.689076,612959.7316577891,16.11426625146385
23.7472,-0.706031,612959.7316972491,16.588105747047315
24.5615,-0.722987,318590.13462498534,16.588105747047315
25.3757,-0.739943,215236.83620095355,16.588105747047315
26.19,-0.756898,56.94257208333737,16.588105747047315
27.0435,-0.762166,237.9364465533965,16.588105747047315
27.899,-0.770519,731984.8989012075,16.588105747047315
28.7545,-0.778871,1.3235261692479204e+16,16.588105747047315
29.61,-0.787223,104.02762801329956,16.588105747047315
30.8815,-0.81264,104.03952122252753,16.588105747047315
31.737,-0.820993,68.07180904064072,16.588105747047315
32.6351,-0.841335,3626859378449897.5,16.500383277266547
33.5332,-0.861677,807204.4155546682,15.736279440572266
34.4313,-0.88202,807204.4155360713,14.82278624466456
35.3294,-0.902362,7300145488200630.0,13.912818167291476
36.2275,-0.922704,807204.4157151284,12.855340346559936
37.1256,-0.943047,14.906095231627573,11.801994296336275
37.8376,-0.920692,14.906095231627573,11.11111111111111
38.5495,-0.898337,161664.91290494695,11.11111111111111
39.2615,-0.875982,507693.8374082695,11.1591123856095
39.9735,-0.853626,507693.8374623746,11.1591123856095
40.6855,-0.831271,4337188571676336.0,11.174161027372724
41.3975,-0.808916,9.987856095766906,10.276123218375844
41.6368,-0.812808,13.965075816817432,9.211776451349415
42.0726,-0.830445,13.965075816817432,9.211776451349415
42.5084,-0.848082,1966026542474318.0,9.211776451349415
42.9442,-0.865719,47027.70706488178,9.259945086897204
43.3799,-0.883356,58.53029325339493,9.259945086897204
44.0122,-0.914738,7.892822324429041,9.259945086897204
44.436,-0.907372,7.892822324429041,8.18885941192967
45.0309,-0.906869,30.809341304595883,8.18885941192967
45.4547,-0.899503,30.80934130459575,6.186854504557298
46.0496,-0.899,7.657905963743565,5.151799171711847
46.3024,-0.88477,7.657905963743565,3.1418960914188
46.5552,-0.870539,1.161901018040576,3.1418960914188
47.0245,-0.997235,1.161901018040576,3.1418960914188
47.4938,-1.12393,7647.111956778294,3.1418960914188
47.963,-1.25063,6613.787084288712,3.190389846975997
48.4323,-1.37732,24475.343676123237,4.35381242362819
48.9016,-1.50402,124.25606875181018,4.35381242362819
49.1283,-1.56593,1.6852563105984697,4.35381242362819
49.5352,-1.77383,1.3863475109325856,3.4319685973043588
49.6995,-1.91694,1.3863475109325856,3.4319685973043588
49.8638,-2.06005,13093024149560.836,3.4319685973043588
50.0281,-2.20316,5.593764067748512,3.4804540849692724
50.3513,-2.45426,5.593764067748512,6.893810232345489
50.6745,-2.70535,17.758224190208495,6.893810232345489
50.9636,-2.92007,17.758224190208495,6.893810232345489
51.2527,-3.13479,17772131844724.844,6.893810232345489
51.5418,-3.34951,37546757418432.82,5.192228839250195
51.8309,-3.56423,5.519202170741585,4.011227661969956
51.9611,-3.67097,5.519202170741585,2.408526418528515
52.0913,-3.7777,0.6827918442502113,2.408526418528515
52.194,-3.91765,0.6827918442502113,2.408526418528515
52.2967,-4.0576,373.57257103355664,2.408526418528515
52.3993,-4.19755,373.5725710160159,2.4570378229381844
52.502,-4.3375,5092.947300304553,3.039095772797059
52.6047,-4.47744,348.0316808678315,3.039095772797059
52.7073,-4.61739,0.5794500007391268,3.039095772797059
52.7727,-4.85769,0.5794500007391268,2.218785074377332
52.8381,-5.09799,2.636001898518726,2.218785074377332
52.8993,-5.5817,2.636001898518726,2.218785074377332
52.9606,-6.0654,2.639892015589274,2.218785074377332
53.026,-6.3057,2.636014772901883,2.218785074377332
53.0872,-6.7894,7.968458712500148,2.218785074377332
53.1154,-7.19199,7.968458712500148,2.218785074377332
53.1435,-7.59458,2.170742497748998,2.218785074377332
53.1758,-7.75376,2.1748793741847794,2.218785074377332
53.204,-8.15635,2.175120912103917,2.218785074377332
53.2363,-8.31554,2.175120912103917,2.218785074377332
53.2685,-8.47472,0.7195310415429985,2.218785074377332
53.1673,-8.90932,0.7195310415429985,2.218785074377332
53.0662,-9.34392,2.590240342396541,2.218785074377332
53.0007,-9.52251,2.5949302482383487,2.218785074377332
52.8995,-9.95711,2.5949302482383487,2.218785074377332
52.7984,-10.3917,2.590726222925422,2.218785074377332
52.7329,-10.5703,7.402144944903268,2.218785074377332
52.5821,-11.0498,7.402144944903268,2.218785074377332
52.4312,-11.5293,2.212679017858808,2.218785074377332
52.3161,-11.7528,2.212679017858808,2.218785074377332
52.201,-11.9764,1381.1260706420424,2.218785074377332
52.0859,-12.1999,12765202668764.363,2.2673002855706117
51.9708,-12.4234,0.6861956738202531,2.2673002855706117
51.7072,-12.6299,0.6861956738202531,2.414522405109729
51.4435,-12.8364,7.067945761649906,2.414522405109729
51.055,-13.1063,17.30111395696671,2.414522405109729
50.5416,-13.4396,17.30111395696671,2.414522405109729
49.7657,-13.9292,12.000660528941964,2.414522405109729
49.2267,-14.3213,5.012949553576657,2.414522405109729
48.722,-14.6002,13.987364020794985,2.414522405109729
48.355,-14.7864,3.979172067240799,2.414522405109729
48.1256,-14.8798,3.979172067240799,2.414522405109729
47.8962,-14.9732,470.5674510143245,2.414522405109729
47.6669,-15.0667,470.5674510006059,2.4630336841331832
47.4375,-15.1601,0.5928919908311181,2.4630336841331832
47.2641,-15.1652,0.5928919908311181,2.244373042544661
47.0906,-15.1704,310.4651395848944,2.244373042544661
46.9172,-15.1755,10245.087302678376,2.2928877585779373
46.7437,-15.1806,301.42045009150473,2.8749904136894484
46.5702,-15.1858,310.4651395783268,3.4569218829788566
46.3968,-15.1909,2.200184392831863,3.844763718013736
46.0927,-15.1667,16.500230311588634,4.323513224392809
43.9559,-14.8345,6.850231191971833,4.323513224392809
43.3559,-14.8634,6.850231191971833,4.323513224392809
42.7559,-14.8922,3612.492075956844,4.323513224392809
42.1559,-14.9211,3.544985442857074,4.3719687329050565
41.8518,-14.8968,1.6379259059088955,3.73039119886936
41.6288,-14.9151,7.132115866683799,3.73039119886936
41.0199,-14.9294,7.132115866683799,3.73039119886936
40.6039,-14.9457,44252.25399019108,3.73039119886936
40.188,-14.962,44252.25398225942,3.778867419189332
39.772,-14.9783,1804.6074205856128,4.651165470963797
39.3561,-14.9945,1.6330303550592786,4.651165470963797
39.0379,-14.9339,1.6330303550592786,3.7248121961494425
38.7198,-14.8732,5597.5609126633335,3.7248121961494425
38.4016,-14.8125,5597.56091322259,3.77328859680588
38.0835,-14.7518,1.4761326972854376,3.77328859680588
37.9349,-14.6972,1.4761326972854736,3.5413589758928814
37.6168,-14.6365,1.8813481481388448,3.5413589758928814
36.8557,-14.7147,8.00726145868718,3.5413589758928814
36.4374,-14.7894,14.612592601635386,3.5413589758928814
35.8459,-14.8738,10.736203670465272,3.5413589758928814
34.9361,-15.0705,18.73271971524228,3.5413589758928814
34.4453,-15.1965,18.73271971524228,3.5413589758928814
33.9545,-15.3225,3.5269247312724623,3.5413589758928814
32.601,-16.1528,7.305488259997869,3.5413589758928814
32.1385,-16.5428,7.305488259997869,3.5413589758928814
31.4762,-17.092,21.030535272066626,3.5413589758928814
31.2134,-17.323,7.207489830658595,3.589841156158157
30.7228,-17.699,7.207489830658595,6.079101616559684
30.2321,-18.0749,4.349750054667909,6.079101616559684
29.8096,-18.3204,4.349750054667909,6.079101616559684
29.387,-18.566,6594.719589648114,6.079101616559684
28.9645,-18.8115,77009317017691.19,6.079101616559684
28.542,-19.057,15.740981402705668,6.079101616559684
28.1072,-19.3285,15.740981402705668,3.763721299212622
27.6725,-19.6,1.667325567107668,3.763721299212622
27.5507,-19.7165,3.43412681960742,3.763721299212622
27.1889,-20.0039,3.418484885943921,3.763721299212622
27.0672,-20.1204,3.4139361023632704,3.763721299212622
26.7053,-20.4078,3.413936102363159,3.763721299212622
26.5836,-20.5243,3.41188830744163,3.763721299212622
26.2218,-20.8116,3.41188830744163,3.763721299212622
25.6374,-21.2692,19.81435699320721,3.763721299212622
25.2932,-21.5558,19.81435699320721,3.763721299212622
24.9489,-21.8424,2.268865612213761,3.763721299212622
24.7872,-21.9423,2.2662983006892192,3.763721299212622
24.443,-22.2289,2.2662983006892192,3.763721299212622
24.0987,-22.5155,3.033757532549376,3.763721299212622
23.9605,-22.6086,2.3766907589882824,3.763721299212622
23.6397,-22.8886,2.376690758988412,3.763721299212622
23.5015,-22.9817,2.376690758988412,3.763721299212622
23.3632,-23.0748,200.20235708337165,3.763721299212622
23.225,-23.168,334.96569988479894,3.763721299212622
23.0868,-23.2611,2.155210177515244,3.763721299212622
22.8588,-23.3839,4.249225019604487,2.4646679511485776
22.4593,-23.5586,4.249225019604487,2.4646679511485776
22.0598,-23.7332,15.176172238491723,2.4646679511485776
21.4887,-23.9596,15.176172238494969,2.4646679511485776
21.0892,-24.1342,15.176172238494969,2.4646679511485776
20.6897,-24.3088,0.7149938923515686,2.4646679511485776
20.3823,-24.273,0.7149938923515686,2.4646679511485776
20.0748,-24.2372,964.7980974372496,2.4646679511485776
19.7673,-24.2015,864.0228564864428,2.5131781693375954
19.4599,-24.1657,8283.498413004669,3.4831478675411693
19.1524,-24.1299,3.4302039641326787,3.4831478675411693
18.5906,-23.9891,16.496444537426797,2.908948849733024
18.1519,-23.8644,16.496444537426797,2.908948849733024
17.7132,-23.7396,1.888352461490768,2.908948849733024
17.5288,-23.7198,1.888352461490891,2.908948849733024
17.0901,-23.595,8.719403469471086,2.908948849733024
15.8421,-23.3702,6.144381311610981,2.908948849733024
15.3801,-23.353,5.509386488709039,2.908948849733024
14.9314,-23.2988,1.5895661567919377,2.908948849733024
14.7601,-23.2421,1.5896059626099144,2.908948849733024
14.3113,-23.1879,1.5896059626099144,2.908948849733024
13.8625,-23.1337,1.58798885638377,2.908948849733024
13.6913,-23.077,1.58798885638377,2.908948849733024
13.52,-23.0203,0.9959961641199482,2.908948849733024
13.3674,-22.9374,0.9959961641199482,2.908948849733024
13.2148,-22.8546,3842791905143.687,2.908948849733024
13.0622,-22.7718,4774377821542.134,2.957448716695411
12.9096,-22.689,343.08010026492536,3.442382752299154
12.757,-22.6061,343.0801002711898,3.9271740877798047
12.6044,-22.5233,1.8618922606356805,3.9271740877798047
12.4554,-22.4231,13.668002386316928,3.977264970599864
12.1349,-22.1977,13.668002386316928,3.977264970599864
11.8145,-21.9724,6322.054149963662,3.977264970599864
11.494,-21.747,329941924300089.2,4.025732940714311
11.1735,-21.5216,395930309160107.9,4.800992519356306
10.853,-21.2962,6.123006288886389,5.575741053798517
10.4752,-20.9877,9.106678615600371,7.212562750533181
10.2689,-20.8043,9.106678615600371,7.212562750533181
10.0627,-20.621,8.565503398133998,7.212562750533181
9.65921,-20.2252,8.565503398133998,7.212562750533181
9.25576,-19.8295,187370272444656.4,7.212562750533181
8.85231,-19.4338,5.8164784951126585,7.26087375480985
8.48771,-18.9989,5.8164784951126585,7.029708478626773
8.12311,-18.564,193829918855723.7,7.029708478626773
7.75851,-18.1291,8.043085265100848,5.032215983330985
7.59108,-17.9066,16.05897638326113,3.157671504049601
7.23375,-17.4031,8.403120598558187,3.157671504049601
6.30776,-16.381,3.94436306572722,3.157671504049601
5.96979,-16.1464,3.94436306572722,3.157671504049601
5.63183,-15.9118,5.433083822946053,3.157671504049601
5.48324,-15.796,5.433083822944555,3.157671504049601
5.14528,-15.5614,5.433083822944555,3.157671504049601
4.80732,-15.3269,5.372974771925412,3.157671504049601
4.65873,-15.211,1.173598084685366,3.157671504049601
4.47716,-15.1132,1.173598084685366,3.157671504049601
4.29558,-15.0153,8966.567410773976,3.157671504049601
4.11401,-14.9174,1.398029378890203,3.206164828724204
3.82216,-14.6686,1.398029378890203,3.4463977720296834
2.35387,-13.5502,4.946679809636729,3.4463977720296834
1.98846,-13.3858,2.31605009131566,3.4463977720296834
1.29702,-13.2573,7.120734419025689,3.4463977720296834
0.969182,-13.2207,7.120734419025689,3.4463977720296834
0.641346,-13.1842,1094.8651309633426,3.4463977720296834
0.31351,-13.1476,7.259791538607335,3.4948828293718748
-0.292548,-13.1193,12.80871624259138,6.276680410998468
-0.718835,-13.1166,4.6370900402320965,6.276680410998468
-1.37951,-13.1905,4.6370900402320965,6.276680410998468
-2.04018,-13.2644,26.19355619427068,6.276680410998468
-3.42632,-13.4751,10.058797728333415,5.610983666577384
-4.5257,-13.7882,10.058797728333415,3.474881019119155
-5.17784,-13.9728,19.527446024114905,3.474881019119155
-6.09967,-14.2763,1.4212332976735615,3.474881019119155
-6.26174,-14.4255,7.073560226649563,3.474881019119155
-7.37208,-15.237,6.422292200541095,3.474881019119155
-7.7386,-15.5985,6.422292200541095,3.474881019119155
-8.10512,-15.9599,10.824972254991753,3.474881019119155
-8.26719,-16.1092,10.782091865555008,3.474881019119155
-8.63371,-16.4707,6.027348601350758,3.474881019119155
-9.40369,-17.4988,6.027348601350758,3.474881019119155
-9.86704,-18.1604,642.3912940801202,3.474881019119155
-10.4453,-18.9836,149.54219473386576,3.5233652217030533
-10.9213,-19.6525,4832.888274119061,5.654967209486892
-11.3974,-20.3213,44.29550116458525,5.654967209486892
-11.6564,-20.6744,3.229377722064805,5.654967209486892
-12.2036,-21.1879,3.229377722064805,5.2380142350572685
-12.5962,-21.5444,39.293905421748136,5.2380142350572685
-13.1434,-22.0578,39.293905421732,5.286431831372826
-13.536,-22.4143,10.545940812600994,5.286431831372826
-13.774,-22.6137,10.545940812600994,4.181375642441991
-14.012,-22.8132,2.0578981006599784,4.181375642441991
-14.1978,-22.9319,3.5983411079196346,4.181375642441991
-14.6619,-23.1651,3.598341107920151,4.181375642441991
-14.8477,-23.2838,3.5983411079198286,4.181375642441991
-15.3118,-23.517,3.5983411079198286,4.181375642441991
-15.7759,-23.7502,171861276052800.88,4.181375642441991
-16.24,-23.9834,1.260149390787868,4.229836392327012
-16.4006,-24.0148,2.453749803402099,3.272037472910988
-16.8394,-24.1606,2.453749803402173,3.272037472910988
-17.0,-24.192,2.455429984972448,3.272037472910988
-17.4389,-24.3378,2.457299787905048,3.272037472910988
-17.5994,-24.3692,2.457299787905048,3.272037472910988
-17.76,-24.4005,3.350953200659058,3.272037472910988
-17.9442,-24.4466,3.350953200659058,3.272037472910988
-18.1283,-24.4926,495.2627700454602,3.272037472910988
-18.3125,-24.5387,371.59741689832026,3.320527609311778
-18.4967,-24.5847,371.597416898264,3.805356720351458
-18.6809,-24.6308,1.3345680132474298,3.805356720351458
-19.0932,-24.6386,3.2167986407979376,3.3672674144698047
-19.2671,-24.626,5.385147576089115,3.3672674144698047
-19.6692,-24.575,4.267564274524749,3.3672674144698047
-21.5687,-24.8588,4.765118627974203,3.3672674144698047
-21.7426,-24.8461,4.765118627974203,3.3672674144698047
-21.9165,-24.8335,328.90841938239646,3.3672674144698047
-22.0905,-24.8208,1.3862261728074667,3.4157548095261143
-22.2718,-24.8309,1.3862261728074667,3.4318184048944427
-22.4532,-24.841,4642670468212.988,3.4318184048944427
-22.6346,-24.8511,12622260335454.035,3.4803038970290654
-22.816,-24.8612,12622260335454.176,3.4803038970290654
-22.9974,-24.8713,inf,3.4803038970290654
-23.1788,-24.8814,0.7054953935657161,3.4803038970290654
-23.3921,-24.8316,5.986279356134339,2.4482419945206244
-23.7964,-24.7141,5.986279356134339,2.4482419945206244
-24.2008,-24.5966,6353.956485658326,2.4482419945206244
-24.6051,-24.4791,1846.17552620496,2.496752562604015
-25.0094,-24.3615,1430.6651446915298,3.757619366765988
-25.4138,-24.244,8.419850139495024,4.726818404429968
-25.9772,-24.0426,8.419850139495024,8.457839368606484
-26.3496,-23.909,1223.6282554761858,8.457839368606484
-26.7219,-23.7753,1223.6282555395037,8.506065764488056
-27.0943,-23.6417,46346518957456.63,8.89176198623463
-27.4667,-23.5081,1436742087681149.5,9.27722163882478
-27.8391,-23.3745,21.172802336018847,9.75869805640398
-28.2932,-23.2221,46.94622221674327,10.143588327756207
-28.9455,-22.9941,46.21092402160459,10.143588327756207
-29.3996,-22.8418,3642.076266143045,10.143588327756207
-29.8538,-22.6894,95.6562501357926,10.143588327756207
-30.5932,-22.4467,38.01360662516888,10.063731279543097
-31.1344,-22.2796,8.196902001051477,8.870765209556946
-31.6871,-22.0651,8.196902001051477,8.345111107764435
-32.2399,-21.8507,9719.928429835456,8.345111107764435
-32.7926,-21.6363,3769.950841891329,8.393345716343696
-33.3453,-21.4218,6.918505408625999,8.393345716343696
-33.6128,-21.2977,7.804762350707404,7.666786937934723
-34.2024,-21.0657,7.804762350707404,7.666786937934723
-34.7427,-20.8697,9689.299839982405,7.666786937934723
-35.2831,-20.6737,11.263663706576663,5.075744174478725
-35.5012,-20.5856,11.263663706575334,3.111434082283366
-36.0416,-20.3896,11.263663706575334,3.111434082283366
-36.5819,-20.1936,11.332484833710245,3.111434082283366
-36.8001,-20.1055,2.2700877717182286,3.111434082283366
-37.2909,-19.9953,1.6304183579928286,3.111434082283366
-37.4596,-19.9929,1.501835303399259,3.111434082283366
-37.9189,-19.8863,1.4977076746843043,3.111434082283366
-38.0876,-19.884,1.4963284013226874,3.111434082283366
-38.5469,-19.7773,1.4963284013228806,3.111434082283366
-38.7156,-19.775,1.1394799962799589,3.111434082283366
-39.2863,-19.5612,1.1394799962799589,3.111434082283366
-39.8571,-19.3474,12.630912971995356,3.111434082283366
-41.0578,-18.996,16.198864259544237,3.111434082283366
-41.6771,-18.8533,6.048767934413304,3.111434082283366
-42.6823,-18.7622,8.807959566982568,3.111434082283366
-43.1552,-18.6786,1.532517479566217,3.111434082283366
-44.1893,-19.0557,3.5583684755103246,3.111434082283366
-44.6448,-19.3552,3.5583684755103246,3.111434082283366
-45.1004,-19.6548,4.365532505264332,3.111434082283366
-45.2634,-19.7834,4.362078358939309,3.111434082283366
-45.7189,-20.0829,4.362078358940045,3.111434082283366
-45.8819,-20.2115,3.305238523050639,3.111434082283366
-46.3731,-20.5122,3.305238523050639,3.111434082283366
-46.8643,-20.8129,14.032426577425406,3.111434082283366
-47.063,-20.9426,4.861324490376563,3.111434082283366
-47.4072,-21.1366,17.12296744695045,3.111434082283366
-47.8969,-21.395,17.12296744695263,3.111434082283366
-48.2411,-21.589,2.6004877789927425,3.111434082283366
-48.8658,-21.7896,11.46077554398158,3.111434082283366
-49.4065,-21.9321,11.46077554398158,3.111434082283366
-49.9473,-22.0746,33.32965790582897,3.111434082283366
-50.6952,-22.2878,33.329657905806314,3.1599286637594286
-51.236,-22.4303,12271.904830828222,5.001591806302477
-51.7767,-22.5728,4.144146865215834,5.001591806302477
-51.9469,-22.6019,4.144146865215834,5.933689557676044
-52.117,-22.6309,364.490662350929,5.933689557676044
-52.2872,-22.66,364.49066236909374,4.677577215499499
-52.4573,-22.689,2.187502746317619,4.087257264522281
-52.8481,-22.7046,2.187502746317619,3.542651563162679
-53.2388,-22.7203,3.5139584442507803,3.542651563162679
-53.6442,-22.6905,3.5139584442507803,3.542651563162679
-54.0496,-22.6608,19.939148916138624,3.542651563162679
-54.2344,-22.6445,19.93914891613341,3.542651563162679
-54.6398,-22.6148,19.93914891613341,3.542651563162679
-55.0451,-22.5851,19.959962526123096,3.542651563162679
-55.2299,-22.5688,1.4772104635097658,3.542651563162679
-55.5526,-22.4815,1.4772104635097658,3.542651563162679
-55.8752,-22.3941,910.9375505603545,3.542651563162679
-56.1979,-22.3068,4277.6700622295375,3.5911337037264874
-56.5205,-22.2195,4277.670061866292,4.366643319410974
-56.8432,-22.1322,910.9375504689576,4.366643319410974
-57.1658,-22.0448,1.0398905728576304,4.366643319410974
-57.3038,-21.9691,1.0398905728576304,2.972357701724076
-57.4417,-21.8934,282.4335414832631,2.972357701724076
-57.5796,-21.8176,282.4335414564767,3.0208559517565723
-57.7175,-21.7419,74.78231553309776,3.4088001578627907
-58.0371,-21.565,18195123950756.35,3.893602032559084
-58.3567,-21.3881,10.132431675433637,4.66894040020888
-58.731,-21.1611,10.132431675433637,9.278207774914517
-59.1053,-20.9341,2240.7661064062704,9.278207774914517
-59.4796,-20.7072,2240.76610646758,5.494568391249855
-59.8539,-20.4802,9.986064154406789,4.165510581202405
-60.0465,-20.3544,9.986064154406789,2.314220752916367
-60.2392,-20.2286,0.6303693141747644,2.314220752916367
-60.3635,-20.063,0.6303693141747644,2.314220752916367
-60.6002,-19.7534,1912.2619621163249,2.314220752916367
-60.837,-19.4438,63320565864702.07,2.362734088404693
-61.0738,-19.1342,1912.2619622129832,3.623691867495338
-61.3105,-18.8246,1912.2619621136823,4.496088931956974
-61.5473,-18.515,3.966851014971809,5.271048396488544
-61.7862,-18.1216,3.966851014971809,5.805373908991607
-62.1246,-17.5639,24.370171383862672,5.805373908991607
-62.357,-17.1603,24.37017138385034,5.805373908991607
-62.6954,-16.6026,17.930930584899198,5.805373908991607
-63.0533,-16.0584,17.77956128538662,3.6440767539428074
-63.4308,-15.5278,1.5630055777573375,3.6440767539428074
-63.7683,-15.2917,1.5630055777573375,3.6440767539428074
-64.1058,-15.0556,12.229954982536656,3.6440767539428074
-64.614,-14.6665,7.0894607895669015,3.6440767539428074
-64.9967,-14.4179,7.0894607895669015,3.6440767539428074
-65.3794,-14.1693,140421176389416.72,3.6440767539428074
-65.7621,-13.9207,27.212481833212305,3.692555734088496
-66.6829,-13.2839,11.575259634841986,4.661801712843241
-67.0762,-13.0498,11.575259634841986,9.916824383723728
-67.4694,-12.8157,29792441067867.965,9.916824383723728
-67.8626,-12.5816,9.22565370129548,6.275734608864444
-68.4764,-12.2661,9.22565370129548,5.090378341605402
-68.9042,-12.0471,3.049900148385753,5.090378341605402
-69.7368,-11.832,3.049900148385753,5.090378341605402
-70.8937,-11.5714,11.112813234824396,5.090378341605402
-71.6094,-11.4737,11.112813234824396,5.090378341605402
-72.6494,-11.3306,830.8874157619604,5.090378341605402
-73.3651,-11.2329,38584.74795537848,5.138802549301817
-74.0809,-11.1352,8.482833716349926,6.300321152947532
-74.8624,-11.0985,8.482833716349926,8.489414305716796
-75.644,-11.0617,6129.255255145707,8.489414305716796
-76.4256,-11.025,4029639792806099.0,8.537638381484463
-77.2072,-10.9883,5853.242808086878,9.308755468137075
-77.9887,-10.9515,61.55089239948489,10.07888235132026
-79.1043,-10.9162,38.64011761603675,10.07888235132026
-79.747,-10.8812,4149.074157067009,10.07888235132026
-80.3897,-10.8461,4149.074157064712,10.19127360151868
-81.0324,-10.8111,7.537459651309896,9.29586141251135
-81.341,-10.7746,7.537459651309278,8.002390717624554
-81.9837,-10.7396,7.537459651309278,8.002390717624554
-82.6264,-10.7045,12.169064436733429,8.002390717624554
-83.2298,-10.7025,12.169064436733429,8.002390717624554
-83.8332,-10.7004,3629.253007326619,8.002390717624554
-84.4367,-10.6984,3629.253007373499,8.0506496179548
-85.0401,-10.6963,3640.978662710244,8.0506496179548
-85.6435,-10.6943,3640.9786626663495,8.0506496179548
-86.2469,-10.6922,5.089615029207361,8.0506496179548
-86.4533,-10.675,5.089615029207361,6.5758170053724685
-86.6597,-10.6577,15.00171667806619,6.5758170053724685
-87.0629,-10.6156,15.00171667806619,6.5758170053724685
-87.6631,-10.5487,72.17730941184709,6.5758170053724685
-88.0664,-10.5066,inf,6.624166076484184
-88.4697,-10.4645,21.142290698894577,7.107515512314926
-88.8903,-10.4289,8.92853383652614,7.687142609019016
-89.1139,-10.4181,9.568905735938936,8.709582279026135
-90.6434,-10.4847,9.568905735938172,8.709582279026135
-90.867,-10.4739,9.568905735938172,8.709582279026135
-91.0907,-10.4631,194793443601690.6,8.709582279026135
-91.3144,-10.4523,5.923214525182928,7.594974763682562
-91.7302,-10.4547,5.923214525182928,7.093915040790534
-92.146,-10.4572,1719.2730849752152,7.093915040790534
-92.5619,-10.4596,1719.2730849444113,7.14223340475797
-92.9777,-10.4621,48620791498799.24,7.14223340475797
-93.3935,-10.4646,1719.2730848783326,7.14223340475797
-93.8094,-10.467,56.17193139634772,6.864847492397093
-94.0055,-10.4692,2.6276099374016417,5.828545166104108
-94.444,-10.4207,2.6276099374015303,4.724846455511885
-94.6401,-10.4229,2.6276099374015103,4.724846455511885
-95.0786,-10.3744,2.6276099374015103,4.724846455511885
-95.517,-10.326,2200.9091888233656,4.724846455511885
-95.9555,-10.2775,90.88067486494003,4.773286219031569
-96.4421,-10.2262,10.40667298640176,5.548054452796714
-97.3264,-10.1917,11.78264191573026,9.402930058894906
-97.7695,-10.1994,11.78264191573026,9.402930058894906
-98.2126,-10.2071,70.5079081928771,9.402930058894906
-98.8546,-10.2232,15.86394046515119,9.328399374252845
-99.0988,-10.2225,9.115108261230382,8.800111350853086
-99.5705,-10.2026,9.115108261230382,8.800111350853086
-100.042,-10.1826,10527.019624440523,8.800111350853086
-100.514,-10.1626,66141353061205.88,8.84831213564497
-100.986,-10.1426,5255.156776369795,8.84831213564497
-101.457,-10.1226,10.365045310417646,8.84831213564497
-101.678,-10.1058,7.34228043151181,7.898101958453331
-102.172,-10.0924,7.34228043151181,7.898101958453331
-102.415,-10.082,7.573316101509001,7.898101958453331
-102.902,-10.0375,7.573316101509001,7.898101958453331
-103.39,-9.99296,24112.52351739705,7.898101958453331
-103.878,-9.94843,2374.229109128021,7.946368048562952
-104.365,-9.90389,30.481930715222944,8.42886025974068
-104.872,-9.84913,24.91569405092855,9.007386451630945
-105.652,-9.7853,24.91106201847602,9.585373508404984
-106.188,-9.7557,5325705524901626.0,9.585373508404984
-106.724,-9.7261,166428297653175.0,9.585373508404984
-107.26,-9.6965,166428297653173.0,9.585373508404984
-107.796,-9.6669,9.80313483646739,9.585373508404984
-108.483,-9.67189,9.80313483646739,9.126194911934927
-108.895,-9.68595,5000.832320388908,9.126194911934927
-109.308,-9.70001,5000.832320469209,8.010449634303125
-109.72,-9.71407,5000.832320757324,7.119970972460695
-110.133,-9.72813,383125752844804.8,6.231152967598106
-110.546,-9.74219,8.035159707117588,5.196020397162759
-110.745,-9.74138,8.035159707117588,3.8913118312067767
-110.944,-9.74057,11.078531570838868,3.8913118312067767
-111.418,-9.72423,11.078531570838868,3.8913118312067767
-111.891,-9.70789,11.035653785758148,3.8913118312067767
-112.09,-9.70708,11.07853157083836,3.8913118312067767
-112.564,-9.69074,11.473641049100875,3.8913118312067767
-113.038,-9.65472,11.473641049100875,3.8913118312067767
-113.513,-9.6187,12.588869316659332,3.8913118312067767
-113.712,-9.59822,12.588869316660206,3.8913118312067767
-114.187,-9.5622,12.56563434406347,3.8913118312067767
-114.386,-9.54171,12.56563434406347,3.8913118312067767
-114.586,-9.52122,1.7822866958203671,3.8913118312067767
-114.991,-9.40611,1.7822866958203671,3.8913118312067767
-115.397,-9.291,18510.389904415577,3.8913118312067767
-115.803,-9.1759,113.86238655387646,3.939782733736101
-116.395,-9.00515,114.43497183138392,4.811974144235593
-116.801,-8.89004,29.19587858145819,4.811974144235593
-117.02,-8.83057,1.2908721677899802,4.811974144235593
-117.205,-8.74524,1.2908721677899802,3.311683852293825
-117.391,-8.65992,2.674392465096131,3.311683852293825
-117.729,-8.45631,2.674392465096131,3.311683852293825
-118.066,-8.2527,300.76212950481045,3.311683852293825
-118.404,-8.04909,18176.57351520602,3.3601728569655887
-118.742,-7.84549,4.946474579666521,4.32964719326915
-119.079,-7.60284,4.946474579666521,6.482688333465274
-119.417,-7.36019,11.278887528878874,6.482688333465274
-119.601,-7.23583,11.278887528878874,6.482688333465274
-119.786,-7.11146,88.57242786770955,6.482688333465274
-119.97,-6.98709,1.7204374585765865,4.339468976528851
-120.274,-6.68389,1.5404403481626996,3.61767621519537
-120.485,-6.30204,1.5404403481626996,3.61767621519537
-120.696,-5.92018,15263748327474.008,3.61767621519537
-120.907,-5.53832,39354.36702727032,3.666156026572081
-121.118,-5.15647,39354.36703478362,3.666156026572081
-121.329,-4.77461,3.950630929131703,3.666156026572081
-121.42,-4.5716,1.0703497311979795,3.015574790360543
-121.471,-4.30969,1.0703497311979795,3.015574790360543
-121.521,-4.04779,5367307195412.208,3.015574790360543
-121.571,-3.78589,15.34488877813884,3.064071918374883
-121.679,-3.10594,15.34488877813884,11.11111111111111
-121.757,-2.63502,231.46371925293843,11.11111111111111
-121.836,-2.16409,16.672659804062278,11.1591123856095
-121.897,-1.72695,16.672659804062278,11.11111111111111
-121.958,-1.2898,464.74443734020974,11.11111111111111
-121.99,-1.06168,54570.26095963082,6.273435650156443
-122.022,-0.833553,95499.80514684226,5.681666157443893
-122.054,-0.60543,53.624865331148406,5.090485505215865
-122.087,-0.377308,0.7501250617433851,4.352244846288274
-121.913,0.0951838,0.7501250617433851,2.5244925281275443
-121.674,0.782729,37.447886999373104,2.5244925281275443
-121.501,1.25522,269.7912974471319,2.573001452196433
-121.327,1.72771,269.8898959184709,4.0276994363792085
-121.154,2.2002,8.46222332455424,4.0276994363792085
-121.046,2.45764,1.455067023425031,3.5159990658444524
-120.89,2.69072,1.455067023425031,3.5159990658444524
-120.734,2.9238,6948999473717.058,3.5159990658444524
-120.578,3.15688,3.358106475331031,3.564482022101904
-120.128,3.65769,13.754073409504274,3.031247379068062
-119.825,4.02464,13.754073409504274,3.031247379068062
-119.522,4.39158,3.3889751944357918,3.031247379068062
-118.849,4.93807,13.628671445939288,3.031247379068062
-118.469,5.21684,12.350592490377595,3.031247379068062
-117.97,5.61867,12.350592490377595,3.031247379068062
-117.47,6.0205,3.480005806950696,3.031247379068062
-117.211,6.17619,3.480005806950696,3.031247379068062
-116.952,6.33188,1.0815043165144769,3.031247379068062
-116.678,6.4075,1.0815043165144769,3.031247379068062
-116.405,6.48312,14.496604078893172,3.031247379068062
-115.965,6.59304,13.02995113590658,3.031247379068062
-106.311,5.06409,16.159313260735836,3.031247379068062
-105.614,4.69344,16.159313260735836,3.031247379068062
-104.917,4.32279,37.87947232329308,3.031247379068062
-103.922,3.76066,2.3393198008597094,3.079744096183088
-103.854,3.69319,7.082190242684834,4.458123038690621
-103.403,3.28803,3.5559276966354227,4.458123038690621
-102.656,2.85547,3.5559276966354227,4.458123038690621
-101.909,2.4229,13101.601769209505,4.458123038690621
-100.952,1.86882,42.94369107038621,4.506573421898608
-100.335,1.52875,3.830501146569632,4.506573421898608
-99.9906,1.26561,3.830501146569632,5.704729418759105
-99.6465,1.00247,3351.1056965099046,5.704729418759105
-99.3025,0.739336,3351.1056966333385,5.753124871606708
-98.9584,0.476196,24.411078473452253,5.753124871606708
-98.662,0.257152,120643.60376984162,5.753124871606708
-98.3656,0.0381066,1.980742105827445,5.753124871606708
-97.7888,-0.195948,1.980742105827445,4.102241452073485
-97.375,-0.35258,209318.83831680127,4.102241452073485
-96.9612,-0.509211,7.844627717597271,4.150705044139047
-96.5249,-0.704325,7.844627717597271,8.163820005898367
-96.0887,-0.89944,50028.26146090267,8.163820005898367
-95.6525,-1.09455,13.19857017982782,8.212067591137643
-95.2248,-1.30473,13.19857017982782,10.589383940901245
-94.7971,-1.5149,49716147689358.805,10.589383940901245
-94.3694,-1.72507,6.840539338952605,5.166652387481298
-91.764,-2.3221,6.840539338952605,3.590312772817465
-86.922,-3.78667,11.814245175380432,3.590312772817465
-86.1101,-3.82206,1.517922136896426,3.590312772817465
-85.8923,-3.75405,1.517922136896426,3.590312772817465
-85.6746,-3.68604,1.517225259728841,3.590312772817465
-84.8627,-3.72143,6.182792787611836,3.590312772817465
-83.3951,-3.51103,2.951625091132668,3.590312772817465
-83.0398,-3.3334,1.91843256459018,3.590312772817465
-82.9031,-3.23769,1.919592154272397,3.590312772817465
-82.5479,-3.06006,1.919592154272397,3.590312772817465
-82.1926,-2.88243,312.3705003532553,3.590312772817465
-81.7671,-2.66896,2.207760306379685,3.6387934393639223
-81.6304,-2.57325,1.0177835494640863,2.940593313643843
-81.1187,-2.43426,1.0177835494640863,2.940593313643843
-80.607,-2.29526,2.2183912070282696,2.940593313643843
-80.3841,-2.27403,2.2183912070282386,2.940593313643843
-79.8724,-2.13503,2.2183912070282386,2.940593313643843
-79.3607,-1.99604,2.219199898408018,2.940593313643843
-79.1378,-1.9748,1.8336715862808248,2.940593313643843
-78.4157,-1.69573,1.8336715862808248,2.940593313643843
-77.9825,-1.53442,8374.274772323894,2.940593313643843
-77.5492,-1.3731,8374.27477159703,2.9890923780285075
-77.116,-1.21179,6125.2835874556085,4.152666686012184
-76.6827,-1.05048,5813.007324827463,5.121564964864218
-76.2495,-0.889168,4.9427979165432765,5.121564964864218
-76.0071,-0.818377,4.9427979165432765,6.480278628188119
-75.5373,-0.688932,8624.049188185,6.480278628188119
-75.0676,-0.559486,8936.98357718086,6.528633107573572
-74.5978,-0.43004,113.92847136647634,7.205320223854599
-73.9007,-0.24194,11.377332286871464,7.784872052554321
-73.1759,0.00547666,9.14160935269198,8.81289470381163
-72.6881,0.211615,9.14160935269198,8.81289470381163
-72.2004,0.417752,7377.218655158993,8.81289470381163
-71.7126,0.62389,10.377055665156409,6.511876516187835
-71.48,0.712058,10.377531685255486,5.28522632335112
-70.9922,0.918195,10.377531685255486,5.28522632335112
-70.5045,1.12433,3.287855142307391,5.28522632335112
-70.2377,1.20021,3.287855142307391,5.28522632335112
-69.9709,1.27608,362953432842821.75,5.28522632335112
-69.7041,1.35195,7999.008260211101,5.333641765545197
-69.4373,1.42783,2.194779672773289,5.333641765545197
-69.0428,1.47667,5.650079095407555,4.318199636408889
-68.5206,1.49847,7.072887931714863,4.318199636408889
-67.574,1.43939,6.13566668846632,4.318199636408889
-67.2063,1.45596,6.13566668846632,4.318199636408889
-66.8386,1.47252,13561.509763575164,4.318199636408889
-66.4709,1.48909,13.849718774645329,4.36665534401377
-66.299,1.5002,13.849718774645153,10.847451807193483
-65.9313,1.51677,13.849718774645153,10.847451807193483
-65.5718,1.52665,17834.70408160232,10.847451807193483
-65.2124,1.53652,17834.704082925786,10.847451807193483
-64.8529,1.5464,47059.84496356313,10.847451807193483
-64.4935,1.55628,1722390991033126.2,10.622946050238175
-64.1341,1.56616,24.005446831089262,10.17438073306333
-63.9665,1.57261,10.416630087589091,9.5772162179819
-63.4573,1.57565,9.836848525629598,9.141874264818409
-62.9656,1.55354,9.836848525629598,9.141874264818409
-62.2995,1.50972,44657.32714553103,9.141874264818409
-61.6334,1.46589,27.8917893521858,7.43221674115917
-61.1417,1.44379,9.265623204713018,5.950782190329713
-60.8244,1.4434,1.981022208533588,4.102531496978586
-59.8649,1.10257,1.981022208533588,4.102531496978586
-58.9053,0.761744,1100461.0314637655,4.102531496978586
-57.9457,0.420917,30130.92388036154,4.1509950787260586
-56.9862,0.080089,30979.185821053,6.087942459649906
-56.0266,-0.260739,1100462.1116600882,6.087942459649906
-55.067,-0.601566,2.6432192499155907,6.087942459649906
-54.7554,-0.817934,2.6432192499155907,4.738859646294967
-54.4437,-1.0343,2386.467187837057,4.738859646294967
-54.1321,-1.25067,2206.186909083251,4.787298834817408
-53.8204,-1.46703,2206.186908971147,4.787298834817408
-53.5088,-1.6834,5.017659188575924,4.787298834817408
-52.963,-1.98647,2.1205889605357577,4.244587589944611
-52.4717,-2.1065,2.1205889605357577,4.244587589944611
-51.9803,-2.22653,7649.130359676975,4.244587589944611
-51.489,-2.34657,26330.76823212176,4.293046030498486
-50.9977,-2.4666,9.9416548791957,5.261830924242327
-49.9789,-2.63335,14.493223075429157,9.19044611831475
-49.37,-2.69782,14.493223075429157,9.19044611831475
-48.791,-2.7532,162.62429768612907,9.19044611831475
-48.3878,-2.793,8298.105088448467,7.332226662372933
-47.9847,-2.83281,8298.105088514249,6.443031450166682
-47.5815,-2.87261,5.040392008475485,5.407521259269096
-46.7478,-2.85207,5.040392008475485,3.639635391476132
-46.312,-2.84026,1.5591979499629964,3.639635391476132
-45.8827,-2.70154,1.5591979499629964,3.639635391476132
-45.4534,-2.56281,21390.638011483672,3.639635391476132
-45.0241,-2.42409,9.539468992352552,3.6881145118826737
-44.197,-2.09091,16.848386687490038,7.555462347541112
-43.8667,-1.94335,16.848386687490038,7.555462347541112
-43.4038,-1.73097,6.719045584405773,7.555462347541112
-43.1991,-1.65019,6.719045584405773,7.555462347541112
-42.8422,-1.50695,192.2917026897429,7.555462347541112
-42.3333,-1.30127,200.26565498550752,7.603751395632909
-41.9765,-1.15803,200.12068118174665,7.603751395632909
-41.4676,-0.952349,46.86793420138188,7.603751395632909
-41.2629,-0.871563,4.6754486348058775,7.603751395632909
-40.8094,-0.730512,4.6754486348058775,6.30258769088624
-40.356,-0.589462,97.94843379217782,6.30258769088624
-39.7017,-0.381651,97.94843379206928,6.350952018565756
-39.2483,-0.240601,21.90036114057168,7.317682928830509
-38.6049,-0.0216851,181.83546666206223,7.317682928830509
-38.1623,0.130469,12.254072336105445,7.317682928830509
-37.7135,0.265811,19.529039731435,6.469764156043737
-37.0747,0.479018,19.52903973143397,6.469764156043737
-36.6259,0.61436,4.926771214080547,6.469764156043737
-36.3669,0.671835,4.926771214080547,6.469764156043737
-36.108,0.729311,3247.0514466162317,6.469764156043737
-35.849,0.786787,2.139678037384166,5.064803221220158
-35.3455,0.806092,4.120724054448927,4.263649212308146
-35.1546,0.829661,4.1207240544490364,4.263649212308146
-34.6511,0.848966,4.1207240544490364,4.263649212308146
-34.1475,0.868271,4.117006853010773,4.263649212308146
-33.9567,0.891841,4.11700685301071,4.263649212308146
-33.4531,0.911146,2.9237669034718463,4.263649212308146
-33.2938,0.899128,7.743056436853034,4.263649212308146
-32.8218,0.882846,7.744239494400824,4.263649212308146
-32.6625,0.870829,7.74423949440096,4.263649212308146
-32.1905,0.854547,16.442669050105494,4.263649212308146
-31.7252,0.851769,4.50984691776524,4.263649212308146
-31.5659,0.839752,4.06951503527706,4.263649212308146
-31.0468,0.843988,11.569675846995263,4.263649212308146
-30.8338,0.838985,11.566816984309485,4.263649212308146
-30.3148,0.843222,11.566816984309485,4.263649212308146
-29.7957,0.847458,148353.38897782302,4.263649212308146
-29.2767,0.851695,11.566816984309863,4.31210694968137
-29.0637,0.846692,8.484944172890808,8.490470286908748
-28.4732,0.860799,11.642459417756886,8.490470286908748
-27.9496,0.848241,11.642459417756886,8.490470286908748
-27.426,0.835684,274393.53021664865,8.490470286908748
-26.9024,0.823126,274393.53019189613,8.538694284933934
-26.3788,0.810569,274393.53022206685,9.020753343965996
-25.8552,0.798011,80.58123457957234,9.59872753281994
-25.0927,0.773631,34.44159836494055,9.59872753281994
-24.5694,0.766676,206155.33906637225,9.59872753281994
-24.046,0.759721,206155.3390763783,9.59872753281994
-23.5227,0.752766,832642.53129485,9.59872753281994
-22.9993,0.74581,832642.5309902616,9.211333261634746
-22.476,0.738855,6.4181307075231935,8.318290128527192
-22.1648,0.714409,6.4181307075231935,7.384337376577336
-21.5437,0.661508,811765240904349.9,7.384337376577336
-20.9226,0.608607,2993384325834787.5,7.432637509412567
-20.3015,0.555706,45774.68494589925,8.205029956051375
-19.6805,0.502805,45774.68494708873,8.880159447908195
-19.0594,0.449904,15.608817970769442,9.554565397244527
-18.2528,0.418319,19.855323774407555,11.11111111111111
-17.756,0.41519,19.855323774407555,11.11111111111111
-17.0379,0.421597,39.91260732234311,11.11111111111111
-16.5411,0.418468,391772.46244649886,11.1591123856095
-16.0444,0.415339,20.989033040662576,11.54297285055616
-15.5075,0.398728,425.07710887255087,11.926527303722388
-15.0163,0.382936,75141.25296230757,11.926527303722388
-14.5252,0.367144,18.630608550146004,11.926527303722388
-14.2954,0.355297,18.62689865342901,11.11111111111111
-13.8042,0.339505,18.62689865342901,11.11111111111111
-13.313,0.323713,75141.25296807256,11.11111111111111
-12.8219,0.307921,20.32234630582519,10.28798569446835
-12.5671,0.304408,9.207809475973413,9.54144445191653
-12.0638,0.276699,9.207809475973413,8.844746989477432
-11.5604,0.24899,45.13570952038228,8.844746989477432
-10.8085,0.197085,45.16746951383246,8.892944359452502
-10.3052,0.169376,16.09177366793151,9.66361542410364
-9.51483,0.157699,16.09177366793151,11.11111111111111
-8.9459,0.162895,inf,11.11111111111111
-8.37697,0.168091,5960464409402024.0,11.11111111111111
-7.80804,0.173287,323721.8511624734,10.886418497192324
-7.23911,0.178484,323721.8511523812,10.138547453209274
-6.67018,0.18368,8.949762517011372,9.243269054060068
-6.38826,0.172843,8.100177920881878,8.295728516279473
-5.79611,0.182057,8.100177920881878,8.295728516279473
-5.20397,0.191271,415405.195260388,8.295728516279473
-4.61182,0.200486,415405.19524566,8.409865375342545
-4.01968,0.2097,2254206.527282928,7.221878594542144
-3.42753,0.218914,2254206.5278523145,5.888948782861567
-2.83539,0.228128,27.09259300362233,4.11639543332238
0.561952,0.0301217,189.71598239294863,0.139746902223964
